{"cameraMode":{"drawMode":0,"name":"Shaded","section":"Shading Mode"},"sceneLighting":false,"audioPlay":false,"sceneViewState":{"m_AlwaysRefresh":false,"showFog":true,"showSkybox":false,"showFlares":true,"showImageEffects":true,"showParticleSystems":true,"showVisualEffectGraphs":true,"m_FxEnabled":true},"in2DMode":false,"pivot":{"x":0.000036597251892089844,"y":0.5289946794509888,"z":-0.000046253204345703125},"rotation":{"x":-0.05416272580623627,"y":0.06644982099533081,"z":-0.0036124337930232288,"w":-0.9963149428367615},"size":1.308163046836853,"orthographic":false}